<?xml version="1.0" encoding="UTF-8"?>
<root>
	<mindFiles version="2.1.0"><file addr="INSTALL.txt" version="2" hash="89b12578999c601456a7454f9d722939"/><file addr="LICENSE.txt" version="1" hash="c52ddf928f624731b1911847e059a35f"/><file addr="README.txt" version="2" hash="5008c0c2c18b53111e6ae2dc69373313"/><file addr="images/botao.jpg" version="1" hash="fcdebe9e88b95117d489e4e31b7923cf"/><file addr="images/botao.png" version="1" hash="5a467a83338ad9877a34da16a0accf2f"/><file addr="images/botao_go.png" version="1" hash="030ab249ec375ef056770e47d24924c4"/><file addr="images/botao_ok.png" version="1" hash="a8aa4aed20080f05edac0c8e44c85282"/><file addr="images/bt_play.gif" version="1" hash="019a13a5fb3e6b00416c26077b41d23e"/><file addr="images/error.png" version="1" hash="734e7ff7cd19ff51ee974408c67c0dd2"/><file addr="images/login_background.jpg" version="1" hash="2e2285ecf9982121af0299ebac899c85"/><file addr="images/logo_top.png" version="1" hash="8fd242ac6eb1652c63956ec7234502e0"/><file addr="images/mini_logo.jpg" version="1" hash="db1a187df4bd6ae4a029afd6f4ded7a8"/><file addr="images/tip.png" version="1" hash="c68f3682ce5676df483d768799a2d071"/><file addr="images/try_again.png" version="1" hash="c72bca25088845b5464c59557a30e7d1"/><file addr="index.php" version="2" hash="2ea5d7c1d9671e3c344782254fcd481c"/><file addr="login.php" version="1" hash="be831f5dd94f07e1f12a6eb1f52b0509"/><file addr="restrict/components/header.php" version="1" hash="7ea6fbee6dfad30a0c633966a148a08a"/><file addr="restrict/components/project.php" version="2" hash="d351170c013809674966fe1391eeccb0"/><file addr="restrict/config/current.xml" version="4" hash="0c3ff3775afeb89a850f1672ac023cb0"/><file addr="restrict/config/mind.php" version="3" hash="5975920013cd3cccc58fd484bc985e36"/><file addr="restrict/config/options.xml" version="3" hash="af1d3733fd4e284f162d6903d43ea4ce"/><file addr="restrict/dbmss/MSSQLServer/MSSQLServer.php" version="1" hash="976198e99b9e5befcf0d26041d1acb61"/><file addr="restrict/dbmss/MySQL/MySQL.php" version="1" hash="adf1f37233070069372a841b36bc32ce"/><file addr="restrict/dbmss/PostgreSQL/PostgreSQL.php" version="1" hash="70aec62323e6edbb95b9e3be168e7820"/><file addr="restrict/dbmss/dbms_interface.php" version="1" hash="36fbd0685d31bab1eb27cb075182e5ff"/><file addr="restrict/exit.php" version="1" hash="193f7c85e6f8a2bdf7fd6e023f1ea91d"/><file addr="restrict/favico.png" version="1" hash="db15c9c275bb2d805daf2632d486abd7"/><file addr="restrict/framework/classes/attribute.php" version="1" hash="7474977d6a360cbe3cb5b5f0ca82046f"/><file addr="restrict/framework/classes/clipboard.css" version="1" hash="d1c6287de6ac6ee49aeba66298114bc7"/><file addr="restrict/framework/classes/fw.php" version="1" hash="a49a3045fa47191c35c9d177a064a300"/><file addr="restrict/framework/classes/mind.php" version="2" hash="7241cfec51437721710cb13a15cc2977"/><file addr="restrict/framework/classes/mind_processor.php" version="2" hash="ee0dc4a830a9446445e121037940273a"/><file addr="restrict/framework/classes/module.php" version="1" hash="adcd3bafb5fe435c30e872dea0d8315a"/><file addr="restrict/framework/classes/plugin.php" version="2" hash="f23495959e8d7fd2a5ea8ab5b15b2141"/><file addr="restrict/framework/classes/project.php" version="2" hash="19a30da5a38b34045b4b977d4ec51ccc"/><file addr="restrict/framework/classes/relation.php" version="1" hash="e94f416ce8da1bd432c3e8393d221db7"/><file addr="restrict/framework/classes/sgbd.php" version="1" hash="02d746fd675d509e6977d8b73801f0bd"/><file addr="restrict/framework/classes/subtype.php" version="1" hash="d76591a74f23a5eb592132574492eccc"/><file addr="restrict/framework/classes/table.php" version="1" hash="342ce9846d64e5987883061d0f4d34e7"/><file addr="restrict/framework/classes/user.php" version="1" hash="269ffc7d2dbbef9ad6ae94f66a87b823"/><file addr="restrict/framework/components/actions.php" version="1" hash="ee0c1c6a8add5eec2c0ee7986acac6fd"/><file addr="restrict/framework/components/add_to_dictionary.php" version="1" hash="c554c624dedf9d748b45f092fb3f991a"/><file addr="restrict/framework/components/address_here.php" version="2" hash="32e9f1c561269a236f6de3f3193125c5"/><file addr="restrict/framework/components/cancel.php" version="1" hash="fc4e5d891f6b9df9f0d6bd8a2cab8d27"/><file addr="restrict/framework/components/commit.php" version="1" hash="d5f72c3f383dec3c1e806e5e19b2612c"/><file addr="restrict/framework/components/components.php" version="1" hash="3ae354262c5b901ead597a61a3e674f7"/><file addr="restrict/framework/components/debugger.php" version="1" hash="a8b8822424e4eb56c3545e9beb1702a7"/><file addr="restrict/framework/components/export.php" version="1" hash="e21f6d813609c721a4c17cc363f2aebf"/><file addr="restrict/framework/components/feedback.php" version="1" hash="2ea6cdf8241427439ef35d0fdaa37362"/><file addr="restrict/framework/components/find_plugins.php" version="1" hash="3e9c3d0396cecd026dc1665619ec4b30"/><file addr="restrict/framework/components/generate_project.php" version="1" hash="cb8054db7746ab235071d6a9c30786aa"/><file addr="restrict/framework/components/generating.php" version="2" hash="3c218d77adf01f1984da3f2403dd2cf3"/><file addr="restrict/framework/components/help.php" version="1" hash="869cc79beb0a372fce107912209a4835"/><file addr="restrict/framework/components/home_page.php" version="1" hash="55c3ef212d72e5f2dea953d193982909"/><file addr="restrict/framework/components/ide.php" version="2" hash="bde4e64915cfd507c4080e4c199cd32e"/><file addr="restrict/framework/components/import.php" version="1" hash="465d6aeaab0ec87b5e03abd8ba092422"/><file addr="restrict/framework/components/lines_.php" version="1" hash="3c240548cbe79d10bdc522335f49089c"/><file addr="restrict/framework/components/lines_loader.php" version="1" hash="5a99516d9e598a4ee4061ce03b8279f1"/><file addr="restrict/framework/components/manage_plugin.php" version="1" hash="b7172cb0e8e769271c1c69551660fb9e"/><file addr="restrict/framework/components/manage_project.php" version="2" hash="e4376c60a863ad84eef98cc2e0d4bb83"/><file addr="restrict/framework/components/manage_user.php" version="1" hash="498690ddbc53e28167c76b14acadcb3d"/><file addr="restrict/framework/components/menus.php" version="2" hash="d71d031a88a40b067853cdd4fa942e55"/><file addr="restrict/framework/components/module_options.php" version="1" hash="e958508040eae2148c488c7e09f75136"/><file addr="restrict/framework/components/new_plugin.php" version="1" hash="e10903ab50919a06ec781835a2dd5ad7"/><file addr="restrict/framework/components/new_project.php" version="2" hash="73a3419318cc7026f188f8f3d44b70c2"/><file addr="restrict/framework/components/new_user.php" version="1" hash="1054fb3067b0dd27bb7de9a2c1eff2f7"/><file addr="restrict/framework/components/open_project.php" version="1" hash="0762d99a986144aa79109a8c6515e269"/><file addr="restrict/framework/components/options.php" version="2" hash="1c52c135ee1cc455908033266c833a57"/><file addr="restrict/framework/components/personal_data.php" version="1" hash="e4f81d5af1974dd8b937dbf33c0f1e27"/><file addr="restrict/framework/components/project_list.php" version="1" hash="44264c36777e766c7be090b22f9cdd47"/><file addr="restrict/framework/components/properties.php" version="1" hash="f8f68fd634bbbef799cf7a78c8d89964"/><file addr="restrict/framework/components/run_project.php" version="2" hash="92e04d496edd0a6085642e41d14217ac"/><file addr="restrict/framework/components/save_project.php" version="1" hash="fb5f2a4712517be1c26156fd436e3237"/><file addr="restrict/framework/components/update.php" version="1" hash="6434422f973d3452b93b35f634adca53"/><file addr="restrict/framework/mind-2.0.php" version="2" hash="5bdf3d19cedd92b0e762106b138cc021"/><file addr="restrict/framework/scripts/SyntaxHighlighter/clipboard.swf" version="1" hash="e971c772b2df839298a8f8f9451f1eda"/><file addr="restrict/framework/scripts/SyntaxHighlighter/shBrushAS3.js" version="1" hash="12565e81cec14083df1e79dea253f428"/><file addr="restrict/framework/scripts/SyntaxHighlighter/shBrushBash.js" version="1" hash="d47e2a8de8484ca24ef5996bf1c6407b"/><file addr="restrict/framework/scripts/SyntaxHighlighter/shBrushCSharp.js" version="1" hash="ca1c763d7930dd1410f4a4059b36b667"/><file addr="restrict/framework/scripts/SyntaxHighlighter/shBrushColdFusion.js" version="1" hash="b00722875fcfe55e5e400f1401aa83d5"/><file addr="restrict/framework/scripts/SyntaxHighlighter/shBrushCpp.js" version="1" hash="24cc956f2ed1dce9f862589ca967c9b1"/><file addr="restrict/framework/scripts/SyntaxHighlighter/shBrushCss.js" version="1" hash="d40ce4dbb0094608ada46f62fe7dcd94"/><file addr="restrict/framework/scripts/SyntaxHighlighter/shBrushDelphi.js" version="1" hash="a7b6863f2903bec25f992598d9bceaaa"/><file addr="restrict/framework/scripts/SyntaxHighlighter/shBrushDiff.js" version="1" hash="029ef757912773ed06a715fa51a3d6e8"/><file addr="restrict/framework/scripts/SyntaxHighlighter/shBrushErlang.js" version="1" hash="eb1e0f235f5e21af977268cf837141bc"/><file addr="restrict/framework/scripts/SyntaxHighlighter/shBrushGroovy.js" version="1" hash="f3224295a8996d01db32cf377d83cfb0"/><file addr="restrict/framework/scripts/SyntaxHighlighter/shBrushJScript.js" version="1" hash="36346e266ffb0bea574ebd07876f145f"/><file addr="restrict/framework/scripts/SyntaxHighlighter/shBrushJava.js" version="1" hash="0fe38eaecaeb4d0204942ae29a119e32"/><file addr="restrict/framework/scripts/SyntaxHighlighter/shBrushJavaFX.js" version="1" hash="86821ba3c02e2bd2f85e3aac0f390e05"/><file addr="restrict/framework/scripts/SyntaxHighlighter/shBrushPerl.js" version="1" hash="3e9a30e2bad5b20055472273030577c7"/><file addr="restrict/framework/scripts/SyntaxHighlighter/shBrushPhp.js" version="1" hash="aa01ec3939071f73ce933787853fba91"/><file addr="restrict/framework/scripts/SyntaxHighlighter/shBrushPlain.js" version="1" hash="caf126b6dd5f1e03ef76c8d7f1aa5df1"/><file addr="restrict/framework/scripts/SyntaxHighlighter/shBrushPowerShell.js" version="1" hash="668e438d459a0ffee5cfadcfcaece827"/><file addr="restrict/framework/scripts/SyntaxHighlighter/shBrushPython.js" version="1" hash="fe821e3929860e2693d0b7648cfd1b6e"/><file addr="restrict/framework/scripts/SyntaxHighlighter/shBrushRuby.js" version="1" hash="1080c36eb6e0aed255ba71b90dbb97cb"/><file addr="restrict/framework/scripts/SyntaxHighlighter/shBrushScala.js" version="1" hash="ae13ba108bc3b824c1f80fbcef619fda"/><file addr="restrict/framework/scripts/SyntaxHighlighter/shBrushSql.js" version="1" hash="7a7f9b79393d253059dcfe5f6267f6fb"/><file addr="restrict/framework/scripts/SyntaxHighlighter/shBrushVb.js" version="1" hash="5db13f97d2714593e1ae31abe888f42d"/><file addr="restrict/framework/scripts/SyntaxHighlighter/shBrushXml.js" version="1" hash="b8afa8f1f2662100c0fcc4f4ff5b82be"/><file addr="restrict/framework/scripts/SyntaxHighlighter/shCore.js" version="1" hash="67cf2f4ecb733c84788b62377ba90366"/><file addr="restrict/framework/scripts/SyntaxHighlighter/shLegacy.js" version="1" hash="392814f45274e8594ba8e84698a028be"/><file addr="restrict/framework/scripts/accelerators.js" version="1" hash="5899bc7f72afd1665ce514113a99f6da"/><file addr="restrict/framework/scripts/base64.js" version="1" hash="d41d8cd98f00b204e9800998ecf8427e"/><file addr="restrict/framework/scripts/canvas2image.js" version="1" hash="029de9d1c2ec5ee1cd253597516fb35d"/><file addr="restrict/framework/scripts/colorpicker.js" version="1" hash="87bd30f8c0fd2dbbe7fe89b7fb198227"/><file addr="restrict/framework/scripts/coockies.js" version="1" hash="e7ae3564b8a9b19b5bf259968fe5a093"/><file addr="restrict/framework/scripts/eye.js" version="1" hash="50009a4cf7548a9028c506b6ba67eb92"/><file addr="restrict/framework/scripts/grow/check48.png" version="1" hash="ff4070426269b02f5f670ec4f4c9e44e"/><file addr="restrict/framework/scripts/grow/jquery.blockui.css" version="1" hash="0c8244e67fbce2c7bc9316ceb02eb9ed"/><file addr="restrict/framework/scripts/grow/jquery.blockui.js" version="1" hash="7776e61a9e9643cad8a6532f7ee0b582"/><file addr="restrict/framework/scripts/jquery.hoverIntent.js" version="1" hash="50acba1c12b4fcf851e2d9f829a12be1"/><file addr="restrict/framework/scripts/jquery.js" version="1" hash="a4d9a078119a1c318e4e66bb32f806fa"/><file addr="restrict/framework/scripts/jquery.layout.js" version="1" hash="859d1953ecd7a91394328e9613d9e4cc"/><file addr="restrict/framework/scripts/jquery.metadata.js" version="1" hash="5dc505d02f9b936f726ab5fb18477ff6"/><file addr="restrict/framework/scripts/jquery.ui.all.js" version="1" hash="1c8986d6ce0c51f3271d8b610379f99b"/><file addr="restrict/framework/scripts/jquery.ui.wizard.js" version="1" hash="80715fac00c94f1e3d895b04c5943f45"/><file addr="restrict/framework/scripts/json.js" version="1" hash="70373c5d1da2b46813a293d4f3235e81"/><file addr="restrict/framework/scripts/layout.js" version="1" hash="937c9536aea129ceb68489a8610c5a74"/><file addr="restrict/framework/scripts/mbMenu.js" version="1" hash="bcb946c1728904b016411317594ecd2e"/><file addr="restrict/framework/scripts/mbMenu.min.js" version="1" hash="ee3eb264cbb732107298e0f7ba08708f"/><file addr="restrict/framework/scripts/mind.components.js" version="1" hash="ae7206bc5899e78e17e5e79d4499e7a2"/><file addr="restrict/framework/scripts/mind.data_dictionary.js" version="1" hash="df37604ed35d9c0a892fb338ebc3480a"/><file addr="restrict/framework/scripts/mind.default.js" version="1" hash="0028e8c03395de4e5c89fcb1013df545"/><file addr="restrict/framework/scripts/mind.der.js" version="2" hash="2c845324605a34ac464290446bd151b4"/><file addr="restrict/framework/scripts/mind.menu.js" version="1" hash="34e9e2ba596d3a66e256928cdc5ec461"/><file addr="restrict/framework/scripts/mind.mindeditor.js" version="2" hash="c4882fef1fa62b0b7090b5ab6d7cf633"/><file addr="restrict/framework/scripts/mind.plugins.js" version="2" hash="3186b599cb5ea9f29e63e91ce106f255"/><file addr="restrict/framework/scripts/mind.project.js" version="2" hash="ca4a470c07bd47a3beaf42839dcb5a39"/><file addr="restrict/framework/scripts/mind.tooltip.js" version="1" hash="77c194632e722b1a9cabaa37299f2799"/><file addr="restrict/framework/scripts/mind.ui.js" version="4" hash="4cb4acceb5ee3a44f05b2698dab47240"/><file addr="restrict/framework/scripts/mind.update.js" version="1" hash="04f4a781943f8bf2b9bcfe27416c0907"/><file addr="restrict/framework/scripts/styleswitch.js" version="1" hash="733172953df131b696b066c31a647d3f"/><file addr="restrict/framework/scripts/tooltip.js" version="1" hash="50db00322e7733a185aff586e6a4fce4"/><file addr="restrict/framework/scripts/zeroClipboard/ZeroClipboard.js" version="1" hash="8173b94db5beeb1c4fe8a8b038c5a2e1"/><file addr="restrict/framework/scripts/zeroClipboard/ZeroClipboard.swf" version="1" hash="9f4401cdc4405d0730362256b4c04cc0"/><file addr="restrict/framework/styles/SyntaxHighlighter/magnifier.png" version="1" hash="a81fa78d754fae7b3a71026356e3ee27"/><file addr="restrict/framework/styles/SyntaxHighlighter/page_white_code.png" version="1" hash="c65fadae5a0fc27f401f1a00e66f518f"/><file addr="restrict/framework/styles/SyntaxHighlighter/page_white_copy.png" version="1" hash="38de59d96ecaa147d8b5f440b4c4b0e6"/><file addr="restrict/framework/styles/SyntaxHighlighter/printer.png" version="1" hash="242421c98dbd8b054fc76a036d04321c"/><file addr="restrict/framework/styles/SyntaxHighlighter/shCore.css" version="1" hash="490c4cb6d5c0ee027a9696f6ac655ef0"/><file addr="restrict/framework/styles/SyntaxHighlighter/shThemeDefault.css" version="1" hash="ede707ebff9aae892a104935a60dbce5"/><file addr="restrict/framework/styles/SyntaxHighlighter/shThemeDjango.css" version="1" hash="18ff9b24745f8cb00024ab52d8eac919"/><file addr="restrict/framework/styles/SyntaxHighlighter/shThemeEclipse.css" version="1" hash="9d8e74982502275dfa31161722f7b6eb"/><file addr="restrict/framework/styles/SyntaxHighlighter/shThemeEmacs.css" version="1" hash="3efbc34f92dbb497582927a04555eb71"/><file addr="restrict/framework/styles/SyntaxHighlighter/shThemeFadeToGrey.css" version="1" hash="a2b313f2eb6906428dd51482f27fc9f2"/><file addr="restrict/framework/styles/SyntaxHighlighter/shThemeMidnight.css" version="1" hash="e9010387a33f80d0783070551b7e7ffd"/><file addr="restrict/framework/styles/SyntaxHighlighter/shThemeRDark.css" version="1" hash="b791ce637ae3904fb188fe69c0c1ed21"/><file addr="restrict/framework/styles/colorpicker.css" version="1" hash="2872585343b13f8dfde630c74108e986"/><file addr="restrict/framework/styles/css_images/bt_plugin.png" version="1" hash="e9dff146713f9a437fad075f6faec359"/><file addr="restrict/framework/styles/css_images/debug-alert.png" version="1" hash="0a002b4febac19ec5a876a61da820f9a"/><file addr="restrict/framework/styles/css_images/debug-fail.png" version="1" hash="238caaafefdf0de70fa256cf330fa017"/><file addr="restrict/framework/styles/css_images/debug-tip.png" version="1" hash="880e3d18c886e2a208af35c0eda2bd95"/><file addr="restrict/framework/styles/css_images/debug-verified.png" version="1" hash="92f38b76eec52e93578ccc6915a8b2e7"/><file addr="restrict/framework/styles/css_images/external.gif" version="1" hash="c5f9132981fd6f1ff53b2cbe51763055"/><file addr="restrict/framework/styles/css_images/loading_bar_back.gif" version="1" hash="cb05de0c3d358376d4af772b26059be4"/><file addr="restrict/framework/styles/css_images/tip-arrow.png" version="1" hash="f0f43f9462cfdc0fec20d429f8f4d563"/><file addr="restrict/framework/styles/default.css" version="2" hash="24d4f512e73d4b830e0615cf222af430"/><file addr="restrict/framework/styles/layout.css" version="2" hash="1ab8201162520bb385aa1179f5644d90"/><file addr="restrict/framework/styles/menu.css" version="1" hash="77d442522a27c5bd39caaab7777b9312"/><file addr="restrict/framework/styles/mind.datadictionary.css" version="1" hash="60fad887eb97458a5418bd40d61f9627"/><file addr="restrict/framework/styles/mind.ddl.css" version="1" hash="33db2cc1c5621856643efb1aaf4e9076"/><file addr="restrict/framework/styles/mind.erd.css" version="1" hash="b5395ae50f8282f060161d529bd3f21f"/><file addr="restrict/framework/styles/mind.lang_editor.css" version="1" hash="06365f538108c7754f3bc659f127c623"/><file addr="restrict/framework/styles/mind.tree.css" version="1" hash="ff632b43df57bbd015cf48f4782b708a"/><file addr="restrict/framework/styles/theme/ui.accordion.css" version="1" hash="16dbf46aae744ad198ff95d8c26b7327"/><file addr="restrict/framework/styles/theme/ui.all.css" version="1" hash="641494ea0afb5cc8d9aad672e6f39c15"/><file addr="restrict/framework/styles/theme/ui.base.css" version="1" hash="10146fb7fd3d5fc0d2e5cc528f237f36"/><file addr="restrict/framework/styles/theme/ui.core.css" version="1" hash="6b035054cc5651c0592604d1ea4f8713"/><file addr="restrict/framework/styles/theme/ui.datepicker.css" version="1" hash="0d7bc023c9db9cbea963ea6178aab128"/><file addr="restrict/framework/styles/theme/ui.dialog.css" version="1" hash="6cbe1841a74d1e9003c5ff27885fe20d"/><file addr="restrict/framework/styles/theme/ui.progressbar.css" version="1" hash="373244770e19089c0798948a4d449cb2"/><file addr="restrict/framework/styles/theme/ui.resizable.css" version="1" hash="be08da85b7024f7aa1e7d728aba0d238"/><file addr="restrict/framework/styles/theme/ui.slider.css" version="1" hash="4f2fec70500b199e59f66a2f66c3b432"/><file addr="restrict/framework/styles/theme/ui.tabs.css" version="1" hash="ea15cd10494c490545f0a1b83c850a7d"/><file addr="restrict/framework/styles/theme/ui.theme.css" version="1" hash="70939b0b1621708163f4d4a69237eca2"/><file addr="restrict/framework/styles/ui-lightness/images/Thumbs.db" version="1" hash="aadce7e920261d1a8faceec3c4e914e2"/><file addr="restrict/framework/styles/ui-lightness/images/ui-bg_diagonals-thick_18_b81900_40x40.png" version="1" hash="95f9cceeb9d742dd3e917ec16ed754f8"/><file addr="restrict/framework/styles/ui-lightness/images/ui-bg_glass_100_fdf5ce_1x400.png" version="1" hash="d26e8f463195a7b86f86b7d550cfc114"/><file addr="restrict/framework/styles/ui-lightness/images/ui-bg_glass_65_ffffff_1x400.png" version="1" hash="e5a8f32e28fd5c27bf0fed33c8a8b9b5"/><file addr="restrict/framework/styles/ui-lightness/images/ui-bg_gloss-wave_35_f6a828_500x100.png" version="1" hash="58d2cd501e01573cf537089c694ba899"/><file addr="restrict/framework/styles/ui-lightness/images/ui-bg_highlight-soft_100_eeeeee_1x100.png" version="2" hash="d41d8cd98f00b204e9800998ecf8427e"/><file addr="restrict/framework/styles/ui-lightness/images/ui-bg_highlight-soft_75_ffe45c_1x100.png" version="1" hash="5da3d7f275f78e65ad0f80bbe068e75a"/><file addr="restrict/framework/styles/ui-lightness/images/ui-icons_228ef1_256x240.png" version="1" hash="f987d674d0dc59bcffe07389ce4208ef"/><file addr="restrict/framework/styles/ui-lightness/jquery-ui-1.7.1.custom.css" version="1" hash="60d20407fb84295dd73ceca1293c5476"/><file addr="restrict/images/DELETAR_back_gray.png" version="1" hash="5aeeeb9335fd054225b7a23d3ee48f60"/><file addr="restrict/images/Zoom-less.png" version="1" hash="5bc862f83313c2fc531203ba5b4e88ce"/><file addr="restrict/images/Zoom-more.png" version="1" hash="58a2b8012f031e9a773349ffb293c7e0"/><file addr="restrict/images/arrow_left.png" version="1" hash="5050c8e897cec907d6319f397a66c474"/><file addr="restrict/images/arrow_right.png" version="1" hash="46faba03ba3a35d750b5b758cc3d5d2c"/><file addr="restrict/images/back_bar.png" version="1" hash="676061105ab3a94a4750f4f41ee49992"/><file addr="restrict/images/back_bar_c.png" version="1" hash="41fb76e6f249dceefa4b1e4f66bff53b"/><file addr="restrict/images/back_der.gif" version="1" hash="83cb14cf9c8c40f37fe0a756b6e6612e"/><file addr="restrict/images/back_project_list.jpg" version="1" hash="95ecaa12c918ca758a626436f5a7bd6f"/><file addr="restrict/images/background/aser_add.gif" version="1" hash="d30a317b6d27a937980055bc02cde713"/><file addr="restrict/images/background/bk_menu_translucent.png" version="1" hash="427085338de5a6ee98e293b0d5411270"/><file addr="restrict/images/background/config.gif" version="1" hash="bc391b78ecf417946755181b74b6e14b"/><file addr="restrict/images/background/plugin_add.gif" version="1" hash="9b5d07914384dcc10cd4961b28ff74f8"/><file addr="restrict/images/background/speak.png" version="1" hash="e7b7c72411084930f04fe972783d6ad4"/><file addr="restrict/images/background/wizard.png" version="1" hash="b6df931feff8c8f1980a1d480b6ddf5b"/><file addr="restrict/images/bgnd_sel_2.jpg" version="1" hash="d6db571bd3c25ad8370245bc1af2e12c"/><file addr="restrict/images/blank.gif" version="1" hash="56398e76be6355ad5999b262208a17c9"/><file addr="restrict/images/blue_marker.png" version="1" hash="2eecb1ae0774b314ff697c71bf28316c"/><file addr="restrict/images/bt_backup.gif" version="1" hash="b8762489dc5f61ee2325440f887b7a4b"/><file addr="restrict/images/bt_backup_over.gif" version="1" hash="5b6ee4d2e948dd0ea65bbd485747c06b"/><file addr="restrict/images/bt_close.png" version="1" hash="3615eb47314a67b6b0a73563bcf5e637"/><file addr="restrict/images/bt_export.gif" version="1" hash="4a91a052a3c3ba2d52bff6295a63b37e"/><file addr="restrict/images/bt_export_over.gif" version="1" hash="2082824e7d0680fbf40edaa964d48d3f"/><file addr="restrict/images/bt_full_close.png" version="1" hash="cb869bf38765102047e37fd2dabc4249"/><file addr="restrict/images/bt_full_close_over.png" version="1" hash="2ae8850c1064371e41dd333fa8d39d4f"/><file addr="restrict/images/bt_full_editor.png" version="1" hash="357bdac6dc274593ea5ccc4d1b523601"/><file addr="restrict/images/bt_full_editor_over.png" version="1" hash="709d3a2e0c77978601577b5f48f58675"/><file addr="restrict/images/bt_options.png" version="1" hash="9fc244d9722a6412f2b91514469bd48c"/><file addr="restrict/images/bt_play.gif" version="1" hash="25910c96471a628f4809a1169cf2fce6"/><file addr="restrict/images/bt_play_over.gif" version="1" hash="6049b02747ee30442d37209752c20feb"/><file addr="restrict/images/bt_print.png" version="1" hash="8e3723678fba6fe3ab6908f40f383cd8"/><file addr="restrict/images/bt_prop.gif" version="1" hash="0c9e534d130ae57ed1a4b28577a539ce"/><file addr="restrict/images/bt_prop_over.gif" version="1" hash="8cf462598ef1c4f7e1830a6eac53cfbe"/><file addr="restrict/images/bt_save.gif" version="1" hash="6508634e0951bd8daa1b65683e91ba1c"/><file addr="restrict/images/bt_save_over.gif" version="1" hash="4cccb220a94e53a0b14b2af7015d797a"/><file addr="restrict/images/checked.png" version="1" hash="c5637aea2f86acc9de8c333edbb71289"/><file addr="restrict/images/clear_console.png" version="1" hash="47887001936d305f1e6492cf55f196e1"/><file addr="restrict/images/close.gif" version="1" hash="2705e3033a65211b0de044180d29efad"/><file addr="restrict/images/colorpicker_background.png" version="1" hash="a79f1a2a81bfe3ed1c2ca4c41b8e1fbf"/><file addr="restrict/images/colorpicker_hex.png" version="1" hash="16d6870c36e379c06fb26ebd2e16bf44"/><file addr="restrict/images/colorpicker_hsb_b.png" version="1" hash="2be4e81b4a5c98674abe6fc60b447e9a"/><file addr="restrict/images/colorpicker_hsb_h.png" version="1" hash="d47409a203bedc76b26dc60b71a69f6b"/><file addr="restrict/images/colorpicker_hsb_s.png" version="1" hash="5ff5e43ab6b7b41b6123bfab692a9b19"/><file addr="restrict/images/colorpicker_indic.gif" version="1" hash="f485d07540a89502e36dc1a55cec05d0"/><file addr="restrict/images/colorpicker_overlay.png" version="1" hash="c7a33805ffda0d32bd2a9904c8b02750"/><file addr="restrict/images/colorpicker_rgb_b.png" version="1" hash="2be4e81b4a5c98674abe6fc60b447e9a"/><file addr="restrict/images/colorpicker_rgb_g.png" version="1" hash="dc17f953a6febbe174e92b54690586c3"/><file addr="restrict/images/colorpicker_rgb_r.png" version="1" hash="87eeb205d093b713b68a341771f4ee27"/><file addr="restrict/images/colorpicker_select.gif" version="1" hash="cec464162af0cce10348e7bb7701ef86"/><file addr="restrict/images/colorpicker_submit.png" version="1" hash="12d1746e6b52e007f1b78d772d9248ba"/><file addr="restrict/images/compiler.gif" version="1" hash="5bd5ed618ebfc411e95cb48031d9eb46"/><file addr="restrict/images/compiler_over.gif" version="1" hash="43197a6ca6133641a42dd890865c05d1"/><file addr="restrict/images/custom_background.png" version="1" hash="06c91f7ae1561ccd8f1c79119529600d"/><file addr="restrict/images/custom_hex.png" version="1" hash="e27aaa92b15d9392d909f8b94e797524"/><file addr="restrict/images/custom_hsb_b.png" version="1" hash="b45588ca2fe9ba46673862300fcd3083"/><file addr="restrict/images/custom_hsb_h.png" version="2" hash="d41d8cd98f00b204e9800998ecf8427e"/><file addr="restrict/images/custom_hsb_s.png" version="1" hash="83aa97407fb76615a7db5ed721681148"/><file addr="restrict/images/custom_indic.gif" version="1" hash="04660eb352eb259581a36a0fe8da2d4d"/><file addr="restrict/images/custom_rgb_b.png" version="1" hash="f6e50cd567bd3059742d45ab224a413b"/><file addr="restrict/images/custom_rgb_g.png" version="1" hash="b1e286e06692b3640862a3d07f636a80"/><file addr="restrict/images/custom_rgb_r.png" version="1" hash="8ae4b3ef109ee66ec1022632470ddd0f"/><file addr="restrict/images/custom_submit.png" version="1" hash="35423f0f2538e507dec193b52f8d0327"/><file addr="restrict/images/del.gif" version="1" hash="14168a2afd2ec3c5a20cbd1aec0752df"/><file addr="restrict/images/der_tools_button.png" version="1" hash="9637cedcf11dbce9f74ccf4a24fc1ca2"/><file addr="restrict/images/editor_tool.png" version="1" hash="06bd0b5bd0eb9aad34c02bb6e7e41905"/><file addr="restrict/images/engine.gif" version="1" hash="80ab1f4d1b262861bae6dda4b0b1acdc"/><file addr="restrict/images/entity.png" version="1" hash="c2eb5e5fcf77030faab9dd063b2750c5"/><file addr="restrict/images/erd_balloons.png" version="1" hash="21b5e8dffca7015dad11dc28124d0e2d"/><file addr="restrict/images/fkey.gif" version="1" hash="80242b9ccba95d585143f0a86fe6037c"/><file addr="restrict/images/gray_back_1.png" version="1" hash="c6975c833ea9a231928307d295b953aa"/><file addr="restrict/images/gray_back_2.png" version="1" hash="2fdbe7d17061dfdc0ae34f0e7e1111cb"/><file addr="restrict/images/gray_losango.gif" version="1" hash="035a937de161cc7bf2c6779822515e35"/><file addr="restrict/images/help.png" version="1" hash="fa8771c6e5480a899e09175664ded208"/><file addr="restrict/images/home.png" version="1" hash="81646055dcf8959dd89b6da41f0ba516"/><file addr="restrict/images/icon_file.gif" version="1" hash="cd0e1e982350d1b6fb8dcc503ac734df"/><file addr="restrict/images/icon_folder.gif" version="1" hash="d4a2b940f36b776ba894e430ece6858f"/><file addr="restrict/images/info.gif" version="1" hash="94073e17bd5a0350b6d45b70f51a0a01"/><file addr="restrict/images/key.gif" version="1" hash="0039fb9e78098bf1af6672aeed155390"/><file addr="restrict/images/light_blue_marker.png" version="1" hash="3438403617c261071a243a76dcef06cd"/><file addr="restrict/images/little_key.gif" version="1" hash="13ebabc4aef79ed3d59ddf1472563cce"/><file addr="restrict/images/load.gif" version="1" hash="c0c25a0663267e24d2b6d86a3d50b9fb"/><file addr="restrict/images/loader.gif" version="1" hash="46f182411eefa3b8d70c29f9fd1330e5"/><file addr="restrict/images/loadingGrid.gif" version="1" hash="400361ec038be5dbb27c388871a17070"/><file addr="restrict/images/login_background.jpg" version="1" hash="c57576adf84a1b8cb0a6b74febbd8586"/><file addr="restrict/images/logo_light.png" version="1" hash="8f6d54942b04d295313f411bcb711329"/><file addr="restrict/images/losango.gif" version="1" hash="e79f705f6e9702f1d51ed601452fbb5d"/><file addr="restrict/images/menuArrow.gif" version="1" hash="bea26cacbdd1baf4ec6cca39c6f32ad9"/><file addr="restrict/images/mind_editor_gradient.png" version="1" hash="c584696d66e880eef6524f1d80946406"/><file addr="restrict/images/options.png" version="1" hash="696d53c6c68e88e811da45568bf5734b"/><file addr="restrict/images/page_white_copy.png" version="1" hash="38de59d96ecaa147d8b5f440b4c4b0e6"/><file addr="restrict/images/pin.png" version="1" hash="4662297a176e4a7ba0152431b637c53b"/><file addr="restrict/images/plot.png" version="1" hash="e7e3b4af67dfa7f6ca86b28d0017e2fd"/><file addr="restrict/images/properties.jpg" version="1" hash="3452a48e4f210419228b9a6c645f4de5"/><file addr="restrict/images/red_close_button.png" version="1" hash="4ad141d53787845545f7165db66543d4"/><file addr="restrict/images/red_close_button_over.png" version="1" hash="a5169955ec8f3c14bb68ef8bc02c0ad2"/><file addr="restrict/images/run.jpg" version="1" hash="2ea06f32939d47555e29d57383aa5043"/><file addr="restrict/images/run.png" version="1" hash="fc817280ac952fcee50a2e8ea5b8e393"/><file addr="restrict/images/save.jpg" version="1" hash="3257f1fa598ece37993b25c520f432e7"/><file addr="restrict/images/save.png" version="1" hash="397ba4f640311348a2f1e00388a64c0d"/><file addr="restrict/images/search.png" version="1" hash="9b3c55a4f2c47edef6640bfbd44f3a7b"/><file addr="restrict/images/search_for.png" version="1" hash="96d4119d4dda35dc4967deafbb8b31bf"/><file addr="restrict/images/select.png" version="1" hash="7b086953a8c62d2685a65644979d5d04"/><file addr="restrict/images/select2.png" version="1" hash="c8d194d92dbad98615b2a9140b34ab48"/><file addr="restrict/images/self_referenced.gif" version="1" hash="5c59194174ad535a2813b1d6af684e80"/><file addr="restrict/images/slider.png" version="1" hash="3a50b8078dea50b9811603a85ecef836"/><file addr="restrict/images/sql.png" version="1" hash="c100b5aca0ffdb5862fa78560f9ef7f6"/><file addr="restrict/images/toggle-ct.gif" version="1" hash="42805c140046b44b0e2efc29174d183d"/><file addr="restrict/images/toggle-lt.gif" version="1" hash="8ebd41224ade1cccff5e4894e000c1c3"/><file addr="restrict/images/toggle-rt.gif" version="1" hash="c359415ceb21bcb5a0c619cd3b1cf6b5"/><file addr="restrict/images/unchecked.gif" version="1" hash="09547db67f1b7b26504913c0709ab047"/><file addr="restrict/images/unsaved.jpg" version="1" hash="dd4e33eaf310163b5da670f65f7631ba"/><file addr="restrict/images/visto.png" version="1" hash="17fb8518d595ce59d7cd0318f49c37d9"/><file addr="restrict/images/wizard.png" version="1" hash="6c95d1fc3dd8ef05995f633cb37880ee"/><file addr="restrict/index.php" version="1" hash="449308f446ec4137275b440603fe76e5"/><file addr="restrict/languages/en-US/en-US.xml" version="2" hash="26282c689547f693344231d268f75479"/><file addr="restrict/languages/en-US/synonymous.json" version="1" hash="d751713988987e9331980363e24189ce"/><file addr="restrict/languages/language.php" version="1" hash="6dcefc10cba02885295f16ff3197b97b"/><file addr="restrict/languages/language_interface.php" version="1" hash="4eb0b297015c6a1c4d186f8b891fe371"/><file addr="restrict/languages/pt-BR/pt-BR.xml" version="2" hash="13c92bb2ac0786555f6c7b275444e59e"/><file addr="restrict/languages/pt-BR/synonymous.json" version="1" hash="d751713988987e9331980363e24189ce"/><file addr="restrict/languages/synonymous.xml" version="1" hash="f5a5c5a0d6bbacb237b1f44936cfe826"/><file addr="restrict/messages/error.php" version="1" hash="7f5b8c4ad49a7fd865eaddb603a8554b"/><file addr="restrict/messages/tip.php" version="1" hash="d41d8cd98f00b204e9800998ecf8427e"/><file addr="restrict/messages/warning.php" version="1" hash="d41d8cd98f00b204e9800998ecf8427e"/><file addr="restrict/modules/ZendModels/ZendModels.php" version="1" hash="2d59a346837a30044f5847e3d0e14d21"/><file addr="restrict/modules/ZendModels/conf.xml" version="1" hash="0f4d3c9e0b2c428a0d2a007a574ed723"/><file addr="restrict/modules/ZendModels/data/IndexController.php" version="1" hash="582165156f07650fcff267c0c7bba28e"/><file addr="restrict/modules/ZendModels/data/config.ini" version="1" hash="97517ec9278343a40a855ccd28ac88cb"/><file addr="restrict/modules/ZendModels/data/license.txt" version="1" hash="2f5dc1787f08619ce45dbe63685aec89"/><file addr="restrict/modules/ZendModels/data/page.php" version="1" hash="f93a049a9a91ba6f814af1fc7bdf1162"/><file addr="restrict/modules/ZendModels/data/structure/project_name/.htaccess" version="1" hash="65a8f67980690f9aa5b6655ef925bbaf"/><file addr="restrict/modules/ZendModels/data/structure/project_name/application/.htaccess" version="1" hash="5cc8a02be988615b049f5abecba2f3a0"/><file addr="restrict/modules/ZendModels/data/structure/project_name/application/config.ini" version="2" hash="d41d8cd98f00b204e9800998ecf8427e"/><file addr="restrict/modules/ZendModels/data/structure/project_name/application/controllers/IndexController.php" version="1" hash="582165156f07650fcff267c0c7bba28e"/><file addr="restrict/modules/ZendModels/data/structure/project_name/application/views/scripts/default.phtml" version="1" hash="5ab65f9f51b40353e59de5330960a7ac"/><file addr="restrict/modules/ZendModels/data/structure/project_name/application/views/scripts/pagefooter.phtml" version="1" hash="1df2d063ffe4e7fb5865eaafe2344367"/><file addr="restrict/modules/ZendModels/data/structure/project_name/index.php" version="1" hash="c17d5c9271835d6ce1bbf856d5715881"/><file addr="restrict/modules/ZendModels/data/structure/project_name/public/.htaccess" version="1" hash="554da0ddfec40fe81fc505e3298ed872"/><file addr="restrict/modules/ZendModels/data/structure/project_name/public/images/file.gif" version="1" hash="9ab0e28d85d8ab5eb954fc28f6ac1e80"/><file addr="restrict/modules/ZendModels/data/structure/project_name/public/images/folder-closed.gif" version="1" hash="262d69b7ca267be1994fca2aba46be32"/><file addr="restrict/modules/ZendModels/data/structure/project_name/public/images/folder.gif" version="2" hash="d41d8cd98f00b204e9800998ecf8427e"/><file addr="restrict/modules/ZendModels/data/structure/project_name/public/images/minus.gif" version="1" hash="e009322a00011359f76cf7ae59b4d33d"/><file addr="restrict/modules/ZendModels/data/structure/project_name/public/images/plus.gif" version="1" hash="6c46b98e0c60e6dc2ef14f9d4a6607b8"/><file addr="restrict/modules/ZendModels/data/structure/project_name/public/images/treeview-black-line.gif" version="1" hash="0cdd968bdb2f2852ec71e0264b3292cc"/><file addr="restrict/modules/ZendModels/data/structure/project_name/public/images/treeview-black.gif" version="1" hash="a3ffb8abd978b0464f7b5b508fcfdef0"/><file addr="restrict/modules/ZendModels/data/structure/project_name/public/images/treeview-default-line.gif" version="1" hash="5e3c0e0c48f48c23c45aef7b72c739c0"/><file addr="restrict/modules/ZendModels/data/structure/project_name/public/images/treeview-default.gif" version="1" hash="46878a9b3ede269c4e234550c9c89cd0"/><file addr="restrict/modules/ZendModels/data/structure/project_name/public/images/treeview-famfamfam-line.gif" version="1" hash="18b3e43abad26bdac6f4cea944777b62"/><file addr="restrict/modules/ZendModels/data/structure/project_name/public/images/treeview-famfamfam.gif" version="1" hash="dc335e786863262f594737e26198009c"/><file addr="restrict/modules/ZendModels/data/structure/project_name/public/images/treeview-gray.gif" version="1" hash="02b42894653cfd82e52aac669ad078ed"/><file addr="restrict/modules/ZendModels/data/structure/project_name/public/images/treeview-red-line.gif" version="1" hash="feda280e7bffb057ca4c87491aab6943"/><file addr="restrict/modules/ZendModels/data/structure/project_name/public/images/treeview-red.gif" version="1" hash="c94a07253c14c98fe69dffafb59228a5"/><file addr="restrict/modules/ZendModels/data/structure/project_name/public/scripts/default.js" version="1" hash="24a35e471e008f073747c7616c857e85"/><file addr="restrict/modules/ZendModels/data/structure/project_name/public/scripts/jquery-ui-1.8rc1.custom.min.js" version="1" hash="d6995d761340c21b72924b9b0c05e0ac"/><file addr="restrict/modules/ZendModels/data/structure/project_name/public/scripts/jquery.js" version="1" hash="5d4c7816890f3308da6126f5fa65c979"/><file addr="restrict/modules/ZendModels/data/structure/project_name/public/scripts/jquery.maskedinput-1.2.2.min.js" version="1" hash="19578a743cbcc920d60a5e9727ea800a"/><file addr="restrict/modules/ZendModels/data/structure/project_name/public/scripts/jquery.treeview.js" version="1" hash="3f81db67b7a973c8835ef5213e3b93c6"/><file addr="restrict/modules/ZendModels/data/structure/project_name/public/styles/jquery.treeview.css" version="1" hash="00203945f3d8ad88e1e954cec251685e"/><file addr="restrict/modules/ZendModels/data/structure/project_name/public/styles/ui-lightness/images/ui-bg_diagonals-thick_18_b81900_40x40.png" version="1" hash="95f9cceeb9d742dd3e917ec16ed754f8"/><file addr="restrict/modules/ZendModels/data/structure/project_name/public/styles/ui-lightness/images/ui-bg_glass_100_fdf5ce_1x400.png" version="1" hash="d26e8f463195a7b86f86b7d550cfc114"/><file addr="restrict/modules/ZendModels/data/structure/project_name/public/styles/ui-lightness/images/ui-bg_gloss-wave_35_f6a828_500x100.png" version="2" hash="d41d8cd98f00b204e9800998ecf8427e"/><file addr="restrict/modules/ZendModels/data/structure/project_name/public/styles/ui-lightness/images/ui-bg_highlight-soft_75_ffe45c_1x100.png" version="1" hash="b806658954cb4d16ade8977af737f486"/><file addr="restrict/modules/ZendModels/data/structure/project_name/public/styles/ui-lightness/images/ui-icons_228ef1_256x240.png" version="1" hash="8d4d1918c4fea42e2074744d6f87e39b"/><file addr="restrict/modules/ZendModels/data/structure/project_name/public/styles/ui-lightness/jquery-ui-1.8rc1.custom.css" version="1" hash="2aacb12f204e9f09c6b90212397e2bb4"/><file addr="restrict/modules/ZendModels/data/structure/project_name/public/styles/zend.generic.css" version="1" hash="5fc7a7b2cb7356741e9501e20f0579e2"/><file addr="restrict/modules/ZendModels/data/zendModels.png" version="1" hash="850c405e91c65aaae6d721d3db21292a"/><file addr="restrict/modules/ZendModels/info.xml" version="1" hash="bc91a358b72d5002b5dd7c4f8062022a"/><file addr="restrict/modules/module_interface.php" version="1" hash="31f3949142cad33c0ebdd2b9ec9c9434"/><file addr="restrict/modules/modulo2/conf.xml" version="1" hash="63d43c64a0295b27c4ce283a55fa15eb"/><file addr="restrict/modules/modulo2/data/BaseService.php" version="1" hash="a47120048b1b8e8a03bd73431ced046a"/><file addr="restrict/modules/modulo2/data/PDOConnectionFactory.php" version="1" hash="17196f217c6d1b16d60ea387d1cada64"/><file addr="restrict/modules/modulo2/data/license.txt" version="1" hash="d41d8cd98f00b204e9800998ecf8427e"/><file addr="restrict/modules/modulo2/data/meu_js2.js" version="1" hash="c305ae2c27635312c021c00d71649368"/><file addr="restrict/modules/modulo2/data/meu_style.css" version="1" hash="8d74c7d5424a33a063410bb83523b536"/><file addr="restrict/modules/modulo2/data/page.php" version="1" hash="2094d49796150b4b9e0773c3dd390609"/><file addr="restrict/modules/modulo2/data/print.jpg" version="1" hash="d1c6b24fa2b2bf19353ed41e5bebb1a4"/><file addr="restrict/modules/modulo2/info.xml" version="2" hash="7a05360edcb40a544133fede79e1758e"/><file addr="restrict/modules/modulo2/modulo2.php" version="1" hash="3f1bfeac5be9bbec81ac5ae6662a622d"/><file addr="restrict/plugins/DBMapping/conf.xml" version="1" hash="ff1bf5b33e33dec9b4bbc7b352a39477"/><file addr="restrict/plugins/DBMapping/data/DBMapping.js" version="1" hash="9f6ef46c727b2f4af13d99e368cb65a2"/><file addr="restrict/plugins/DBMapping/data/adodb5/adodb-active-record.inc.php" version="1" hash="6a59620319a00cc106f6954e846e2640"/><file addr="restrict/plugins/DBMapping/data/adodb5/adodb-active-recordx.inc.php" version="1" hash="f4728fe9646996747a171f7f72ffe9da"/><file addr="restrict/plugins/DBMapping/data/adodb5/adodb-csvlib.inc.php" version="1" hash="ce7e16106ebbf859e58eb7c5e60087e7"/><file addr="restrict/plugins/DBMapping/data/adodb5/adodb-datadict.inc.php" version="1" hash="764f5cde3a6ee9285493c1a6dab83670"/><file addr="restrict/plugins/DBMapping/data/adodb5/adodb-error.inc.php" version="1" hash="2106e9b2230bb27e001b75ca2665e3b9"/><file addr="restrict/plugins/DBMapping/data/adodb5/adodb-errorhandler.inc.php" version="1" hash="17554ee5e63f573dab305c8f795be417"/><file addr="restrict/plugins/DBMapping/data/adodb5/adodb-errorpear.inc.php" version="1" hash="e6d9db04ae52e47215fd96721abb2384"/><file addr="restrict/plugins/DBMapping/data/adodb5/adodb-exceptions.inc.php" version="1" hash="ea57292cadcfbe25a2bc36d5be850a99"/><file addr="restrict/plugins/DBMapping/data/adodb5/adodb-iterator.inc.php" version="1" hash="813bc19179bc50ff20ac6cd3f3554fd7"/><file addr="restrict/plugins/DBMapping/data/adodb5/adodb-lib.inc.php" version="1" hash="2c526d6194791eb9f3b96b37218a8deb"/><file addr="restrict/plugins/DBMapping/data/adodb5/adodb-memcache.lib.inc.php" version="1" hash="a3dc814a8f223bbfec7317196a465ccb"/><file addr="restrict/plugins/DBMapping/data/adodb5/adodb-pager.inc.php" version="1" hash="ed462c8da81301b2bf4bcd54aea9a1b2"/><file addr="restrict/plugins/DBMapping/data/adodb5/adodb-pear.inc.php" version="1" hash="f8a9f4c3bedcf0ec03ee9f337fd2f505"/><file addr="restrict/plugins/DBMapping/data/adodb5/adodb-perf.inc.php" version="1" hash="ac5b79053c2c8a6bb01598e5b995883f"/><file addr="restrict/plugins/DBMapping/data/adodb5/adodb-php4.inc.php" version="1" hash="773ec0e62a48941d8c5dae4a37c4fee7"/><file addr="restrict/plugins/DBMapping/data/adodb5/adodb-time.inc.php" version="1" hash="547668ddd20f9fa80a692de4e27bb639"/><file addr="restrict/plugins/DBMapping/data/adodb5/adodb-xmlschema.inc.php" version="1" hash="9b4a329d356512abfab2a80848e24a85"/><file addr="restrict/plugins/DBMapping/data/adodb5/adodb-xmlschema03.inc.php" version="1" hash="5d84bf1ffaa617b4dc2b3587c5793fea"/><file addr="restrict/plugins/DBMapping/data/adodb5/adodb.inc.php" version="1" hash="7cc3fa0631134ecc47f3bc5c5e205c65"/><file addr="restrict/plugins/DBMapping/data/adodb5/contrib/toxmlrpc.inc.php" version="1" hash="aa3f42ca8be97dd26c414833b560fb42"/><file addr="restrict/plugins/DBMapping/data/adodb5/cute_icons_for_site/adodb.gif" version="1" hash="943052b5ea2b4188ca4453f9b62cebae"/><file addr="restrict/plugins/DBMapping/data/adodb5/cute_icons_for_site/adodb2.gif" version="1" hash="f5405fa66aa4da4f6507c9356581b539"/><file addr="restrict/plugins/DBMapping/data/adodb5/datadict/datadict-access.inc.php" version="1" hash="3ce00596122af2c29f4e6b5c0e6720c2"/><file addr="restrict/plugins/DBMapping/data/adodb5/datadict/datadict-db2.inc.php" version="1" hash="da9897d005d07e2c4a50ae5616bb6ab0"/><file addr="restrict/plugins/DBMapping/data/adodb5/datadict/datadict-firebird.inc.php" version="1" hash="0d09f7950a9492e8e3873e239948bf73"/><file addr="restrict/plugins/DBMapping/data/adodb5/datadict/datadict-generic.inc.php" version="1" hash="598e976b4b41801fbaa31307330c90ce"/><file addr="restrict/plugins/DBMapping/data/adodb5/datadict/datadict-ibase.inc.php" version="1" hash="e9bf71e27779fac22ab9ece282a25a84"/><file addr="restrict/plugins/DBMapping/data/adodb5/datadict/datadict-informix.inc.php" version="1" hash="8ca9e75839f6b87cc9961ffeda83fe14"/><file addr="restrict/plugins/DBMapping/data/adodb5/datadict/datadict-mssql.inc.php" version="1" hash="a75ed9f10b5fd5498953d3bcdf91dc02"/><file addr="restrict/plugins/DBMapping/data/adodb5/datadict/datadict-mssqlnative.inc.php" version="1" hash="8ae8a4409f865427457bb226825d9ebe"/><file addr="restrict/plugins/DBMapping/data/adodb5/datadict/datadict-mysql.inc.php" version="1" hash="b443fccee206f7c4049ebabdffdbf2a1"/><file addr="restrict/plugins/DBMapping/data/adodb5/datadict/datadict-oci8.inc.php" version="1" hash="e9cb2ee56e929457394d3a00425de156"/><file addr="restrict/plugins/DBMapping/data/adodb5/datadict/datadict-postgres.inc.php" version="1" hash="1f2fc7027c44cdde4385fa6bc6de2c5e"/><file addr="restrict/plugins/DBMapping/data/adodb5/datadict/datadict-sapdb.inc.php" version="1" hash="e624d82dd7d92e7b397b4063e2a8556c"/><file addr="restrict/plugins/DBMapping/data/adodb5/datadict/datadict-sybase.inc.php" version="1" hash="fa387d20a661eed4507467c3fb4817fe"/><file addr="restrict/plugins/DBMapping/data/adodb5/docs/docs-active-record.htm" version="1" hash="35eaff8769ee6035caacd9cedacc3964"/><file addr="restrict/plugins/DBMapping/data/adodb5/docs/docs-adodb.htm" version="1" hash="3e3fc0645a74a40a0868a903a9ec82e6"/><file addr="restrict/plugins/DBMapping/data/adodb5/docs/docs-datadict.htm" version="1" hash="4fe5bdb25f3b11481345b283eb1b9a86"/><file addr="restrict/plugins/DBMapping/data/adodb5/docs/docs-oracle.htm" version="1" hash="27f3484cd5a75f96f90365d5c7fa6b16"/><file addr="restrict/plugins/DBMapping/data/adodb5/docs/docs-perf.htm" version="1" hash="a3d76506f98667e5becc1468aeaa2450"/><file addr="restrict/plugins/DBMapping/data/adodb5/docs/docs-session.htm" version="1" hash="351b277ca937da90153d0d00d5d72c9e"/><file addr="restrict/plugins/DBMapping/data/adodb5/docs/docs-session.old.htm" version="1" hash="2094776cd4dc9ac1ad7207d95e5bc9a2"/><file addr="restrict/plugins/DBMapping/data/adodb5/docs/old-changelog.htm" version="1" hash="340a83318a7215137dc5d9dd9c83a0be"/><file addr="restrict/plugins/DBMapping/data/adodb5/docs/readme.htm" version="1" hash="635b2ff355b282ee2347447f81a054b2"/><file addr="restrict/plugins/DBMapping/data/adodb5/docs/tips_portable_sql.htm" version="1" hash="3961a1d010e8861d35e67f5f4d36f2f8"/><file addr="restrict/plugins/DBMapping/data/adodb5/docs/tute.htm" version="1" hash="207c805b2f25ef11c16bc7c6af1d7967"/><file addr="restrict/plugins/DBMapping/data/adodb5/drivers/adodb-access.inc.php" version="1" hash="e4b4aa154f48ee04388e6934ff8f6e59"/><file addr="restrict/plugins/DBMapping/data/adodb5/drivers/adodb-ado.inc.php" version="1" hash="2cbdb7353f8d8215b1bdf0f4d922d7bc"/><file addr="restrict/plugins/DBMapping/data/adodb5/drivers/adodb-ado5.inc.php" version="1" hash="8b01c82423c0a6902aedaf7363d5d42f"/><file addr="restrict/plugins/DBMapping/data/adodb5/drivers/adodb-ado_access.inc.php" version="1" hash="51d328d82b51a7399588f698749ea9df"/><file addr="restrict/plugins/DBMapping/data/adodb5/drivers/adodb-ado_mssql.inc.php" version="1" hash="220da1ecb908efc711f41d93372332a7"/><file addr="restrict/plugins/DBMapping/data/adodb5/drivers/adodb-ads.inc.php" version="1" hash="c7c7bdbe70ba9a4e541a032080c0a118"/><file addr="restrict/plugins/DBMapping/data/adodb5/drivers/adodb-borland_ibase.inc.php" version="1" hash="4800232e09aaf27a711b1ec3ffbd7685"/><file addr="restrict/plugins/DBMapping/data/adodb5/drivers/adodb-csv.inc.php" version="1" hash="68b0074cd3b339b7e4e1c6281fee4318"/><file addr="restrict/plugins/DBMapping/data/adodb5/drivers/adodb-db2.inc.php" version="1" hash="c7be04c3ea2dc0337f26da43bf83dc6d"/><file addr="restrict/plugins/DBMapping/data/adodb5/drivers/adodb-db2oci.inc.php" version="1" hash="f215da414801b93fd090dce62b7ea2de"/><file addr="restrict/plugins/DBMapping/data/adodb5/drivers/adodb-fbsql.inc.php" version="1" hash="d2e73293316c43e555fb0a8b3688f172"/><file addr="restrict/plugins/DBMapping/data/adodb5/drivers/adodb-firebird.inc.php" version="1" hash="9c6654d3b052cafac061ea41dde9fd5b"/><file addr="restrict/plugins/DBMapping/data/adodb5/drivers/adodb-ibase.inc.php" version="1" hash="d667fe70f57539ff87878c240385d642"/><file addr="restrict/plugins/DBMapping/data/adodb5/drivers/adodb-informix.inc.php" version="1" hash="e4cfdbe865e91d7d9558380dd095af7a"/><file addr="restrict/plugins/DBMapping/data/adodb5/drivers/adodb-informix72.inc.php" version="1" hash="1917a8d7d31d921f580653af418f0582"/><file addr="restrict/plugins/DBMapping/data/adodb5/drivers/adodb-ldap.inc.php" version="1" hash="241981a3b71e3aea4989174adcc9d7c4"/><file addr="restrict/plugins/DBMapping/data/adodb5/drivers/adodb-mssql.inc.php" version="1" hash="102b125ca537787c962bd54df22e5377"/><file addr="restrict/plugins/DBMapping/data/adodb5/drivers/adodb-mssql_n.inc.php" version="1" hash="4a68db8136431955789d5f4eaea76e01"/><file addr="restrict/plugins/DBMapping/data/adodb5/drivers/adodb-mssqlnative.inc.php" version="1" hash="4c20215c18d413b02036787e148220cb"/><file addr="restrict/plugins/DBMapping/data/adodb5/drivers/adodb-mssqlpo.inc.php" version="1" hash="da12e6fb11a809533c2cd44288d07fc5"/><file addr="restrict/plugins/DBMapping/data/adodb5/drivers/adodb-mysql.inc.php" version="1" hash="36ed8def72a06465abc491310eb62d94"/><file addr="restrict/plugins/DBMapping/data/adodb5/drivers/adodb-mysqli.inc.php" version="1" hash="1f45a12cdbeef0ddd78eca9513a8831f"/><file addr="restrict/plugins/DBMapping/data/adodb5/drivers/adodb-mysqlpo.inc.php" version="1" hash="ed80b1fe7bdda0a5295d9087f317770e"/><file addr="restrict/plugins/DBMapping/data/adodb5/drivers/adodb-mysqlt.inc.php" version="1" hash="ba757eccef7209d8a3a59efda7321104"/><file addr="restrict/plugins/DBMapping/data/adodb5/drivers/adodb-netezza.inc.php" version="1" hash="e2dc2fe63fae0a6bbc649100def92848"/><file addr="restrict/plugins/DBMapping/data/adodb5/drivers/adodb-oci8.inc.php" version="1" hash="535236e8f9e72ea70e640fbf30e0f4a5"/><file addr="restrict/plugins/DBMapping/data/adodb5/drivers/adodb-oci805.inc.php" version="1" hash="2d0a6ec38389244364522a52205b3fd7"/><file addr="restrict/plugins/DBMapping/data/adodb5/drivers/adodb-oci8po.inc.php" version="1" hash="95847e7134b03319bd96518e2fafffa2"/><file addr="restrict/plugins/DBMapping/data/adodb5/drivers/adodb-odbc.inc.php" version="1" hash="26298986b8dfc3006c8b9f091fb3b552"/><file addr="restrict/plugins/DBMapping/data/adodb5/drivers/adodb-odbc_db2.inc.php" version="1" hash="87e35451f6c09151bf54cd60aa1ac7b8"/><file addr="restrict/plugins/DBMapping/data/adodb5/drivers/adodb-odbc_mssql.inc.php" version="1" hash="d9f0dce3063e7f1df499349cc57dde2a"/><file addr="restrict/plugins/DBMapping/data/adodb5/drivers/adodb-odbc_oracle.inc.php" version="1" hash="6c9e552eb61da66bfb8d80aeed52d1ca"/><file addr="restrict/plugins/DBMapping/data/adodb5/drivers/adodb-odbtp.inc.php" version="1" hash="918fe9b46f2350c2035f59f4d65c506d"/><file addr="restrict/plugins/DBMapping/data/adodb5/drivers/adodb-odbtp_unicode.inc.php" version="1" hash="6295391ce9be069999bcd0b402e53e55"/><file addr="restrict/plugins/DBMapping/data/adodb5/drivers/adodb-oracle.inc.php" version="1" hash="07d216be454be0c79d54710c05ccca2a"/><file addr="restrict/plugins/DBMapping/data/adodb5/drivers/adodb-pdo.inc.php" version="1" hash="f5ad4f4da2bf6e12f316141b1bd40675"/><file addr="restrict/plugins/DBMapping/data/adodb5/drivers/adodb-pdo_mssql.inc.php" version="1" hash="32681e8aee1b921776567dc3c92765f2"/><file addr="restrict/plugins/DBMapping/data/adodb5/drivers/adodb-pdo_mysql.inc.php" version="1" hash="c715fb0f8b12146bc8ac08c2d4c456ec"/><file addr="restrict/plugins/DBMapping/data/adodb5/drivers/adodb-pdo_oci.inc.php" version="1" hash="ef3197aceca2ac060ffed02b99800d2c"/><file addr="restrict/plugins/DBMapping/data/adodb5/drivers/adodb-pdo_pgsql.inc.php" version="1" hash="7e1e2415a0005c6934812c269261f5ed"/><file addr="restrict/plugins/DBMapping/data/adodb5/drivers/adodb-pdo_sqlite.inc.php" version="1" hash="27826860aa462729fd856b807ffcd83b"/><file addr="restrict/plugins/DBMapping/data/adodb5/drivers/adodb-postgres.inc.php" version="1" hash="90f9fb71ec26356f2829811f8fa44551"/><file addr="restrict/plugins/DBMapping/data/adodb5/drivers/adodb-postgres64.inc.php" version="1" hash="e6ff778c10de5d45c0672b4879d767f6"/><file addr="restrict/plugins/DBMapping/data/adodb5/drivers/adodb-postgres7.inc.php" version="1" hash="12e3fff145b4f8483f80a0c76fdce41b"/><file addr="restrict/plugins/DBMapping/data/adodb5/drivers/adodb-postgres8.inc.php" version="1" hash="b51685a9a57d5fcf48ebccd02a97f525"/><file addr="restrict/plugins/DBMapping/data/adodb5/drivers/adodb-proxy.inc.php" version="1" hash="4e250b3b89b506a15581ea6cc6407436"/><file addr="restrict/plugins/DBMapping/data/adodb5/drivers/adodb-sapdb.inc.php" version="1" hash="04f1240819bf55ee3a2481b6abcf1762"/><file addr="restrict/plugins/DBMapping/data/adodb5/drivers/adodb-sqlanywhere.inc.php" version="1" hash="cb31d7db11bc7f9499bd31e3cf9b4bee"/><file addr="restrict/plugins/DBMapping/data/adodb5/drivers/adodb-sqlite.inc.php" version="1" hash="abbaecf6deb09a2c106af22510760739"/><file addr="restrict/plugins/DBMapping/data/adodb5/drivers/adodb-sqlitepo.inc.php" version="1" hash="d5ee8e4ea367b8b0d5d1a7a083ac9ef4"/><file addr="restrict/plugins/DBMapping/data/adodb5/drivers/adodb-sybase.inc.php" version="1" hash="1dc679a5dab489d1284782867cca49b9"/><file addr="restrict/plugins/DBMapping/data/adodb5/drivers/adodb-sybase_ase.inc.php" version="1" hash="5dae71655845e4cf58b2f65e60f7cabb"/><file addr="restrict/plugins/DBMapping/data/adodb5/drivers/adodb-vfp.inc.php" version="1" hash="3c4de1b2cf5dd7ff6743f6624894040e"/><file addr="restrict/plugins/DBMapping/data/adodb5/lang/adodb-ar.inc.php" version="1" hash="56602de7a184aa22984f46954b22934b"/><file addr="restrict/plugins/DBMapping/data/adodb5/lang/adodb-bg.inc.php" version="1" hash="37b0880076545e8d8e3809002c8b1960"/><file addr="restrict/plugins/DBMapping/data/adodb5/lang/adodb-bgutf8.inc.php" version="1" hash="ed08fdc9f392628cf2bf5eb9c814eb6a"/><file addr="restrict/plugins/DBMapping/data/adodb5/lang/adodb-ca.inc.php" version="1" hash="b9030fa70d9d0f2ba408ac61c31958c3"/><file addr="restrict/plugins/DBMapping/data/adodb5/lang/adodb-cn.inc.php" version="1" hash="c8e10a9a5e1107554febfd2e0b5f7239"/><file addr="restrict/plugins/DBMapping/data/adodb5/lang/adodb-cz.inc.php" version="1" hash="03391b25da96b777a5551f2a8c6ead5d"/><file addr="restrict/plugins/DBMapping/data/adodb5/lang/adodb-da.inc.php" version="1" hash="2ea23878b1027f3d07c8a9b8bbe4e3a3"/><file addr="restrict/plugins/DBMapping/data/adodb5/lang/adodb-de.inc.php" version="1" hash="6e6eb75314d67b7dd35d6c952455f196"/><file addr="restrict/plugins/DBMapping/data/adodb5/lang/adodb-en.inc.php" version="1" hash="c5420bb506f4eae64a6f84e33bb31523"/><file addr="restrict/plugins/DBMapping/data/adodb5/lang/adodb-es.inc.php" version="1" hash="de0722a45173d1e076216f41090232d1"/><file addr="restrict/plugins/DBMapping/data/adodb5/lang/adodb-esperanto.inc.php" version="1" hash="32b94a998cb1a8b1ee14089af407d585"/><file addr="restrict/plugins/DBMapping/data/adodb5/lang/adodb-fa.inc.php" version="1" hash="aa963afcd561617622d8a1fa76b865fc"/><file addr="restrict/plugins/DBMapping/data/adodb5/lang/adodb-fr.inc.php" version="1" hash="237c0b092fa1c1c34a9c67633c3842f8"/><file addr="restrict/plugins/DBMapping/data/adodb5/lang/adodb-hu.inc.php" version="1" hash="f308d107e1335ec36f71f101bc5324cf"/><file addr="restrict/plugins/DBMapping/data/adodb5/lang/adodb-it.inc.php" version="1" hash="ae50135b082e9fb48d8c35dc1661f64b"/><file addr="restrict/plugins/DBMapping/data/adodb5/lang/adodb-nl.inc.php" version="1" hash="ed3d417b04f361e178f1a258d193b929"/><file addr="restrict/plugins/DBMapping/data/adodb5/lang/adodb-pl.inc.php" version="1" hash="8a53c82baf19cf137ef125d7e410c647"/><file addr="restrict/plugins/DBMapping/data/adodb5/lang/adodb-pt-br.inc.php" version="1" hash="14cc56d6565900543e3b26130aace1b7"/><file addr="restrict/plugins/DBMapping/data/adodb5/lang/adodb-ro.inc.php" version="1" hash="71052ad0e1622d8514b5a41622d2ce33"/><file addr="restrict/plugins/DBMapping/data/adodb5/lang/adodb-ru1251.inc.php" version="1" hash="43c805db84804ac7382c4c840cdb6027"/><file addr="restrict/plugins/DBMapping/data/adodb5/lang/adodb-sv.inc.php" version="1" hash="2e5a4ae963a924ec9eca642bcf29f14c"/><file addr="restrict/plugins/DBMapping/data/adodb5/lang/adodb-uk1251.inc.php" version="1" hash="822a0c4c44527e99acdb3bc2f50ff6f1"/><file addr="restrict/plugins/DBMapping/data/adodb5/lang/adodb_th.inc.php" version="1" hash="201d8ae7eda2a23f6b71c9d88ac77ded"/><file addr="restrict/plugins/DBMapping/data/adodb5/license.txt" version="1" hash="af93a1a6737be1af8ab9f41ce036af63"/><file addr="restrict/plugins/DBMapping/data/adodb5/pear/Auth/Container/ADOdb.php" version="1" hash="b3705c728f4093b4749a13f4e5739077"/><file addr="restrict/plugins/DBMapping/data/adodb5/pear/readme.Auth.txt" version="1" hash="87ddb0ed51cc77d342497100f67efcbd"/><file addr="restrict/plugins/DBMapping/data/adodb5/perf/perf-db2.inc.php" version="1" hash="ed148fe9e2eca058557af899d1f55317"/><file addr="restrict/plugins/DBMapping/data/adodb5/perf/perf-informix.inc.php" version="1" hash="5a9aea6e071736ac3ffe72319dc014d8"/><file addr="restrict/plugins/DBMapping/data/adodb5/perf/perf-mssql.inc.php" version="1" hash="98946286696a47c7f2eda688e7cf8783"/><file addr="restrict/plugins/DBMapping/data/adodb5/perf/perf-mssqlnative.inc.php" version="1" hash="bacfe7486304f78ce62b4a468f06e70f"/><file addr="restrict/plugins/DBMapping/data/adodb5/perf/perf-mysql.inc.php" version="1" hash="730649a9bb02a91f41862671afe9420a"/><file addr="restrict/plugins/DBMapping/data/adodb5/perf/perf-oci8.inc.php" version="1" hash="95d6228e6386ec076bd8e90363457b4b"/><file addr="restrict/plugins/DBMapping/data/adodb5/perf/perf-postgres.inc.php" version="1" hash="3a5dfa374653c3556884cb2d0400fd3a"/><file addr="restrict/plugins/DBMapping/data/adodb5/pivottable.inc.php" version="1" hash="af4816d1df14db3fc2f225ac22abb4ec"/><file addr="restrict/plugins/DBMapping/data/adodb5/readme.txt" version="1" hash="a2d2351ddf19684e7f58196afa58ab0b"/><file addr="restrict/plugins/DBMapping/data/adodb5/rsfilter.inc.php" version="1" hash="8ba94e2b903024b495c0993a6740bf02"/><file addr="restrict/plugins/DBMapping/data/adodb5/server.php" version="1" hash="71e694bb076498e07540ad3218ac1011"/><file addr="restrict/plugins/DBMapping/data/adodb5/session/adodb-compress-bzip2.php" version="1" hash="b49f2556005d7b8ad5dbf873edecc724"/><file addr="restrict/plugins/DBMapping/data/adodb5/session/adodb-compress-gzip.php" version="1" hash="d13219c56b6f6a1c01265c49a1930ff4"/><file addr="restrict/plugins/DBMapping/data/adodb5/session/adodb-cryptsession.php" version="1" hash="cfe2391988a4904760e6f4b5e993b4c9"/><file addr="restrict/plugins/DBMapping/data/adodb5/session/adodb-cryptsession2.php" version="1" hash="f571e96e4974e83c4c305a5bbc459407"/><file addr="restrict/plugins/DBMapping/data/adodb5/session/adodb-encrypt-mcrypt.php" version="1" hash="ab270a866387e247bbeaba77ff4f5c10"/><file addr="restrict/plugins/DBMapping/data/adodb5/session/adodb-encrypt-md5.php" version="1" hash="f4f7a14e14662b1fe8cf755ae115d694"/><file addr="restrict/plugins/DBMapping/data/adodb5/session/adodb-encrypt-secret.php" version="1" hash="ea09d574f8cadaef5dbc6f93fe0501d8"/><file addr="restrict/plugins/DBMapping/data/adodb5/session/adodb-encrypt-sha1.php" version="1" hash="4c0bba0ae4dbd7c260be47186c2a661e"/><file addr="restrict/plugins/DBMapping/data/adodb5/session/adodb-sess.txt" version="1" hash="a25a7a7ed70830c2d14901e8bf14d4de"/><file addr="restrict/plugins/DBMapping/data/adodb5/session/adodb-session-clob.php" version="1" hash="4ac1a567a6545c7a2f2b400c42170c34"/><file addr="restrict/plugins/DBMapping/data/adodb5/session/adodb-session-clob2.php" version="1" hash="520bb582c005692965de4c53a4eb9b15"/><file addr="restrict/plugins/DBMapping/data/adodb5/session/adodb-session.php" version="1" hash="c3760376438885d2a59e5821c644f9cd"/><file addr="restrict/plugins/DBMapping/data/adodb5/session/adodb-session2.php" version="1" hash="4512c892768804efdcf2fbe43ae4d418"/><file addr="restrict/plugins/DBMapping/data/adodb5/session/adodb-sessions.mysql.sql" version="1" hash="42fef0886af1f6da31a06de273876b71"/><file addr="restrict/plugins/DBMapping/data/adodb5/session/adodb-sessions.oracle.clob.sql" version="1" hash="3c64f822ee1b493b319c6e8196cc06b8"/><file addr="restrict/plugins/DBMapping/data/adodb5/session/adodb-sessions.oracle.sql" version="1" hash="08d0fc1f5fbf8b79a4dca43cbd30e3a1"/><file addr="restrict/plugins/DBMapping/data/adodb5/session/crypt.inc.php" version="1" hash="4dad264ca0f5f669be480305f6be8835"/><file addr="restrict/plugins/DBMapping/data/adodb5/session/old/adodb-cryptsession.php" version="1" hash="cc87e1d9098d8cf6e2a106e228f23fbe"/><file addr="restrict/plugins/DBMapping/data/adodb5/session/old/adodb-session-clob.php" version="1" hash="603551b798e7ab8bca05ec50718ae0fd"/><file addr="restrict/plugins/DBMapping/data/adodb5/session/old/adodb-session.php" version="1" hash="489aa3272599052a3b1d522062cd60ca"/><file addr="restrict/plugins/DBMapping/data/adodb5/session/old/crypt.inc.php" version="1" hash="5a4e4fde0da690423376a99610929101"/><file addr="restrict/plugins/DBMapping/data/adodb5/session/session_schema.xml" version="1" hash="644334444418c6b39d20b6f22f3cf634"/><file addr="restrict/plugins/DBMapping/data/adodb5/session/session_schema2.xml" version="1" hash="34094c892ec3ab48bdaead67fd0d09be"/><file addr="restrict/plugins/DBMapping/data/adodb5/tests/benchmark.php" version="1" hash="9cc61d16281787451b3f6c253cfac1d0"/><file addr="restrict/plugins/DBMapping/data/adodb5/tests/client.php" version="1" hash="8e1c7ad5393bf89451a8ad5f25fbed79"/><file addr="restrict/plugins/DBMapping/data/adodb5/tests/pdo.php" version="1" hash="31bebf2a2c656540f43e6b3470818b5b"/><file addr="restrict/plugins/DBMapping/data/adodb5/tests/test-active-record.php" version="1" hash="3a3d3dd71f1fdf32b85952939e9ba6c6"/><file addr="restrict/plugins/DBMapping/data/adodb5/tests/test-active-recs2.php" version="1" hash="2f5ec8df77acaa27e323fe5f8dc3a0a7"/><file addr="restrict/plugins/DBMapping/data/adodb5/tests/test-active-relations.php" version="1" hash="abdb93731fad7cab1039df5b9b744739"/><file addr="restrict/plugins/DBMapping/data/adodb5/tests/test-active-relationsx.php" version="1" hash="1e3a649544c21a5fe2dbeb8b1cf2bc2d"/><file addr="restrict/plugins/DBMapping/data/adodb5/tests/test-datadict.php" version="1" hash="51972a4f5b62451d63aba33af4025c27"/><file addr="restrict/plugins/DBMapping/data/adodb5/tests/test-perf.php" version="1" hash="f236fe5f53122abae94425fc876895df"/><file addr="restrict/plugins/DBMapping/data/adodb5/tests/test-pgblob.php" version="1" hash="62b6b5f397babd852597f9d9ec5749fe"/><file addr="restrict/plugins/DBMapping/data/adodb5/tests/test-php5.php" version="1" hash="3ac8928e3d08ce11af14046cc28908f4"/><file addr="restrict/plugins/DBMapping/data/adodb5/tests/test-xmlschema.php" version="1" hash="c64f9923dda687bb398a44ceb708197a"/><file addr="restrict/plugins/DBMapping/data/adodb5/tests/test.php" version="1" hash="46212fe5732387ce111102442635fe68"/><file addr="restrict/plugins/DBMapping/data/adodb5/tests/test2.php" version="1" hash="ca7a71babaaa705d0a1d6c65ece1d380"/><file addr="restrict/plugins/DBMapping/data/adodb5/tests/test3.php" version="1" hash="7e8359d8ff842f5c8107e6ae1df1f1ad"/><file addr="restrict/plugins/DBMapping/data/adodb5/tests/test4.php" version="1" hash="94df1018f0dfaa152c4f2b6d1ea56864"/><file addr="restrict/plugins/DBMapping/data/adodb5/tests/test5.php" version="1" hash="91c3ed4753fc1ddedd3e55917fa73cda"/><file addr="restrict/plugins/DBMapping/data/adodb5/tests/test_rs_array.php" version="1" hash="1ccf2778737a7c41eab84989e464a642"/><file addr="restrict/plugins/DBMapping/data/adodb5/tests/testcache.php" version="1" hash="9d47d74750f2448699f1f16eb298c990"/><file addr="restrict/plugins/DBMapping/data/adodb5/tests/testdatabases.inc.php" version="1" hash="785422fe3e0dfd961c06b3a9396115d1"/><file addr="restrict/plugins/DBMapping/data/adodb5/tests/testgenid.php" version="1" hash="43b1b8d4481f44115549396427d89101"/><file addr="restrict/plugins/DBMapping/data/adodb5/tests/testmssql.php" version="1" hash="3cc1cdd076c4c9e1d5c169d034680a18"/><file addr="restrict/plugins/DBMapping/data/adodb5/tests/testoci8.php" version="1" hash="20ce5c65509c6eba11f8de6589443795"/><file addr="restrict/plugins/DBMapping/data/adodb5/tests/testoci8cursor.php" version="1" hash="e81665530fd1402e78cee8cef35708be"/><file addr="restrict/plugins/DBMapping/data/adodb5/tests/testpaging.php" version="1" hash="dbed9adc2a2f537feb76ba24c6e2cbcc"/><file addr="restrict/plugins/DBMapping/data/adodb5/tests/testpear.php" version="1" hash="fc6960f6a15e60909e61975bd63e3a03"/><file addr="restrict/plugins/DBMapping/data/adodb5/tests/testsessions.php" version="1" hash="ee150943c800f599274847856c5aef6a"/><file addr="restrict/plugins/DBMapping/data/adodb5/tests/time.php" version="1" hash="72bc2f5ab0d835eb68b1d58dda5beba6"/><file addr="restrict/plugins/DBMapping/data/adodb5/tests/tmssql.php" version="1" hash="6b4e0a98a11adb104751711a53ac584c"/><file addr="restrict/plugins/DBMapping/data/adodb5/tests/xmlschema-mssql.xml" version="1" hash="38cd368e4ecfc7cf00a5700ed421f8a9"/><file addr="restrict/plugins/DBMapping/data/adodb5/tests/xmlschema.xml" version="1" hash="d0b48b1134ab6aff026753d6b684948e"/><file addr="restrict/plugins/DBMapping/data/adodb5/toexport.inc.php" version="1" hash="2c0d43cfccedbc234d52a0161c55802b"/><file addr="restrict/plugins/DBMapping/data/adodb5/tohtml.inc.php" version="1" hash="d156b5852e9497d028319a96f6181c6a"/><file addr="restrict/plugins/DBMapping/data/adodb5/xmlschema.dtd" version="1" hash="26f3f629d55257aafcf66840d7c66618"/><file addr="restrict/plugins/DBMapping/data/adodb5/xmlschema03.dtd" version="2" hash="7dc7fa45233ba077275840001808b16f"/><file addr="restrict/plugins/DBMapping/data/adodb5/xsl/convert-0.1-0.2.xsl" version="1" hash="29d98453a420d4cbaee77cf29e79ccea"/><file addr="restrict/plugins/DBMapping/data/adodb5/xsl/convert-0.1-0.3.xsl" version="1" hash="6aadb6a50dc09f6e776d5847f70432d0"/><file addr="restrict/plugins/DBMapping/data/adodb5/xsl/convert-0.2-0.1.xsl" version="1" hash="5d2788a525f2591249dedab11fa603b4"/><file addr="restrict/plugins/DBMapping/data/adodb5/xsl/convert-0.2-0.3.xsl" version="1" hash="409846921dd94e5bbb473ff65314ea2a"/><file addr="restrict/plugins/DBMapping/data/adodb5/xsl/remove-0.2.xsl" version="1" hash="0b2b85762fe8c79ec259c25098840e4d"/><file addr="restrict/plugins/DBMapping/data/adodb5/xsl/remove-0.3.xsl" version="1" hash="678d96591452812ec32cfffc56877b51"/><file addr="restrict/plugins/DBMapping/data/conf_file.php" version="1" hash="d41d8cd98f00b204e9800998ecf8427e"/><file addr="restrict/plugins/DBMapping/data/face.php" version="1" hash="502909a708940615ed336d9a42443225"/><file addr="restrict/plugins/DBMapping/data/ping.php" version="1" hash="8d4ca3af1a4c8cc7565c488cb4e6b8c6"/><file addr="restrict/plugins/DBMapping/info.xml" version="1" hash="e7e59b793374baf0712d3fbf188f33c4"/><file addr="restrict/plugins/PluginMaker/conf.xml" version="1" hash="7491706d6043ddc15d5296ede03788b2"/><file addr="restrict/plugins/PluginMaker/data/PluginMaker.js" version="1" hash="4200509dc16de5ca1397d4282f7b6445"/><file addr="restrict/plugins/PluginMaker/data/conf_file.php" version="1" hash="d41d8cd98f00b204e9800998ecf8427e"/><file addr="restrict/plugins/PluginMaker/data/face.php" version="1" hash="77d2e92e166e093f9fc81afb2761725f"/><file addr="restrict/plugins/PluginMaker/data/icon.png" version="1" hash="7219faf613f90039139a11f40044db6c"/><file addr="restrict/plugins/PluginMaker/info.xml" version="1" hash="3c3c45160f4867fecd02af132c628fd3"/><file addr="restrict/plugins/Statistics/conf.xml" version="1" hash="09bc1ed00bfd801f66bd6bcea0368dcb"/><file addr="restrict/plugins/Statistics/data/Statistics.js" version="1" hash="58473167bac93bd341777a35237e74a9"/><file addr="restrict/plugins/Statistics/data/face.php" version="1" hash="0ceaa0bbf470b6be5d15018e64ff2ccd"/><file addr="restrict/plugins/Statistics/info.xml" version="1" hash="4efc1c2b4a66182bfe2547724b2f37f7"/><file addr="restrict/plugins/mNotes/conf.xml" version="1" hash="2206aefb7c8742f8b105beeb986616f8"/><file addr="restrict/plugins/mNotes/data/arrow_left.png" version="1" hash="3fa02f2abda4afe95ace7e5b15100624"/><file addr="restrict/plugins/mNotes/data/conf_file.php" version="1" hash="d41d8cd98f00b204e9800998ecf8427e"/><file addr="restrict/plugins/mNotes/data/del.gif" version="1" hash="14168a2afd2ec3c5a20cbd1aec0752df"/><file addr="restrict/plugins/mNotes/data/face.php" version="1" hash="de5fe119940ae363576219b06e356182"/><file addr="restrict/plugins/mNotes/data/mNotes.js" version="1" hash="5f08976cff34553d2b579055ad73f427"/><file addr="restrict/plugins/mNotes/data/notes.png" version="1" hash="adebdc44c61740b205558cd44954ce10"/><file addr="restrict/plugins/mNotes/info.xml" version="1" hash="9b55d21913bfdf1b83a029a9f6dcda13"/><file addr="restrict/printer.php" version="1" hash="b8db2dd7fdc1a9096dfcac28f2ba8caa"/></mindFiles>
	<details>Beta Version</details>
</root>
