<?xml version="1.0" encoding="iso-8859-1"?>
<root>
	<name value="modulo2" />
	<fullName value="Modulo Dois"/>
	<language value="PHP" />
	<details>
		<detail name="Pattern" value="DAO" />
		<detail name="Pattern" value="MVC" />
		<detail name="Technology" value="Ajax" />
 		<detail name="Requirement" value="PDO" />
	</details>
	<version value="1.0" />
	<description value="adasd" />
	<authors>
		<author value="Jaydson Nascimento Gomes" email='jayalemao@gmail.com'/>
		<author value="Felipe Nascimento de Moura" email='felipenmoura@gmail.com'/>
	</authors>
	<date value="09/2009" />
	<thumb value="print.jpg" />
	<license value="license.txt" />
</root>

